{"cameraMode":{"drawMode":0,"name":"Shaded","section":"Shading Mode"},"sceneLighting":false,"audioPlay":false,"sceneViewState":{"m_AlwaysRefresh":false,"showFog":true,"showSkybox":false,"showFlares":true,"showImageEffects":true,"showParticleSystems":true,"showVisualEffectGraphs":true,"m_FxEnabled":true},"in2DMode":false,"pivot":{"x":0.874213695526123,"y":1.0348660945892335,"z":0.6606854200363159},"rotation":{"x":0.13302260637283326,"y":-0.3190383315086365,"z":0.04037177935242653,"w":0.9381090998649597},"size":0.9070817828178406,"orthographic":false}