{"cameraMode":{"drawMode":0,"name":"Shaded","section":"Shading Mode"},"sceneLighting":false,"audioPlay":false,"sceneViewState":{"m_AlwaysRefresh":false,"showFog":true,"showSkybox":false,"showFlares":true,"showImageEffects":true,"showParticleSystems":true,"showVisualEffectGraphs":true,"m_FxEnabled":true},"in2DMode":false,"pivot":{"x":-0.3846849799156189,"y":0.1422816812992096,"z":-0.8144498467445374},"rotation":{"x":0.03201581910252571,"y":-0.9630091190338135,"z":0.13413602113723756,"w":0.23261713981628419},"size":0.7649346590042114,"orthographic":false}