{"cameraMode":{"drawMode":0,"name":"Shaded","section":"Shading Mode"},"sceneLighting":false,"audioPlay":false,"sceneViewState":{"m_AlwaysRefresh":false,"showFog":true,"showSkybox":false,"showFlares":true,"showImageEffects":true,"showParticleSystems":true,"showVisualEffectGraphs":true,"m_FxEnabled":true},"in2DMode":false,"pivot":{"x":-0.5107119083404541,"y":1.4412426948547364,"z":-0.0057216063141822819},"rotation":{"x":0.03025185503065586,"y":-0.9740685224533081,"z":0.14024046063423158,"w":0.1782289743423462},"size":1.5516821146011353,"orthographic":false}