{"cameraMode":{"drawMode":0,"name":"Shaded","section":"Shading Mode"},"sceneLighting":false,"audioPlay":false,"sceneViewState":{"m_AlwaysRefresh":false,"showFog":true,"showSkybox":false,"showFlares":true,"showImageEffects":true,"showParticleSystems":true,"showVisualEffectGraphs":true,"m_FxEnabled":true},"in2DMode":false,"pivot":{"x":-0.11627626419067383,"y":0.7317677140235901,"z":0.5786997079849243},"rotation":{"x":0.09045141935348511,"y":-0.8510887622833252,"z":0.1458417773246765,"w":0.4973476827144623},"size":1.5661444664001465,"orthographic":false}