{"cameraMode":{"drawMode":0,"name":"Shaded","section":"Shading Mode"},"sceneLighting":false,"audioPlay":false,"sceneViewState":{"m_AlwaysRefresh":false,"showFog":true,"showSkybox":false,"showFlares":true,"showImageEffects":true,"showParticleSystems":true,"showVisualEffectGraphs":true,"m_FxEnabled":true},"in2DMode":false,"pivot":{"x":-7.9564690589904789,"y":1.7540407180786133,"z":1.4959721565246583},"rotation":{"x":-0.05749919265508652,"y":0.7644925117492676,"z":-0.06883563846349716,"w":-0.6383928656578064},"size":0.8805236220359802,"orthographic":false}