{"cameraMode":{"drawMode":0,"name":"Shaded","section":"Shading Mode"},"sceneLighting":true,"audioPlay":false,"sceneViewState":{"m_AlwaysRefresh":false,"showFog":true,"showSkybox":true,"showFlares":true,"showImageEffects":true,"showParticleSystems":true,"showVisualEffectGraphs":true,"m_FxEnabled":true},"in2DMode":false,"pivot":{"x":1.6488242149353028,"y":2.530536413192749,"z":2.3666393756866457},"rotation":{"x":0.04739876836538315,"y":0.9239016771316528,"z":-0.3607832193374634,"w":0.12096676230430603},"size":1.9844012260437012,"orthographic":false}