{"cameraMode":{"drawMode":0,"name":"Shaded","section":"Shading Mode"},"sceneLighting":true,"audioPlay":false,"sceneViewState":{"m_AlwaysRefresh":false,"showFog":true,"showSkybox":true,"showFlares":true,"showImageEffects":true,"showParticleSystems":true,"showVisualEffectGraphs":true,"m_FxEnabled":true},"in2DMode":false,"pivot":{"x":5.679747581481934,"y":0.9599846601486206,"z":-1.772834300994873},"rotation":{"x":0.009262311272323132,"y":-0.9777534604072571,"z":0.20817989110946656,"w":0.04013188183307648},"size":3.7934250831604006,"orthographic":false}