{"cameraMode":{"drawMode":0,"name":"Shaded","section":"Shading Mode"},"sceneLighting":true,"audioPlay":false,"sceneViewState":{"m_AlwaysRefresh":false,"showFog":true,"showSkybox":true,"showFlares":true,"showImageEffects":true,"showParticleSystems":true,"showVisualEffectGraphs":true,"m_FxEnabled":true},"in2DMode":false,"pivot":{"x":5.051036834716797,"y":3.875356912612915,"z":3.1466968059539797},"rotation":{"x":0.11958137154579163,"y":-0.8803840279579163,"z":0.3208320140838623,"w":0.32943296432495119},"size":1.7383135557174683,"orthographic":false}