{"cameraMode":{"drawMode":0,"name":"Shaded","section":"Shading Mode"},"sceneLighting":true,"audioPlay":false,"sceneViewState":{"m_AlwaysRefresh":false,"showFog":true,"showSkybox":true,"showFlares":true,"showImageEffects":true,"showParticleSystems":true,"showVisualEffectGraphs":true,"m_FxEnabled":true},"in2DMode":false,"pivot":{"x":3.1314566135406496,"y":2.3239686489105226,"z":2.6515660285949709},"rotation":{"x":0.10832306742668152,"y":-0.8905099034309387,"z":0.34551188349723818,"w":0.27733299136161806},"size":3.3366940021514894,"orthographic":false}