{"cameraMode":{"drawMode":0,"name":"Shaded","section":"Shading Mode"},"sceneLighting":true,"audioPlay":false,"sceneViewState":{"m_AlwaysRefresh":false,"showFog":true,"showSkybox":true,"showFlares":true,"showImageEffects":true,"showParticleSystems":true,"showVisualEffectGraphs":true,"m_FxEnabled":true},"in2DMode":false,"pivot":{"x":7.115633010864258,"y":3.0320181846618654,"z":3.4330027103424074},"rotation":{"x":0.04365641996264458,"y":0.9036887288093567,"z":-0.09507733583450318,"w":0.4152694046497345},"size":0.6436263918876648,"orthographic":false}