{"cameraMode":{"drawMode":0,"name":"Shaded","section":"Shading Mode"},"sceneLighting":true,"audioPlay":false,"sceneViewState":{"m_AlwaysRefresh":false,"showFog":true,"showSkybox":true,"showFlares":true,"showImageEffects":true,"showParticleSystems":true,"showVisualEffectGraphs":true,"m_FxEnabled":true},"in2DMode":false,"pivot":{"x":-11.766318321228028,"y":17.863279342651368,"z":10.328971862792969},"rotation":{"x":-0.04464564844965935,"y":-0.9490997195243836,"z":0.26912981271743777,"w":-0.15744678676128388},"size":3.1542134284973146,"orthographic":false}