{"cameraMode":{"drawMode":0,"name":"Shaded","section":"Shading Mode"},"sceneLighting":true,"audioPlay":false,"sceneViewState":{"m_AlwaysRefresh":false,"showFog":true,"showSkybox":true,"showFlares":true,"showImageEffects":true,"showParticleSystems":true,"showVisualEffectGraphs":true,"m_FxEnabled":true},"in2DMode":false,"pivot":{"x":14.538824081420899,"y":-10.584214210510254,"z":10.274643898010254},"rotation":{"x":0.3283611834049225,"y":0.16188392043113709,"z":-0.061063818633556369,"w":0.9292046427726746},"size":10.95236873626709,"orthographic":false}