{"cameraMode":{"drawMode":0,"name":"Shaded","section":"Shading Mode"},"sceneLighting":true,"audioPlay":false,"sceneViewState":{"m_AlwaysRefresh":false,"showFog":true,"showSkybox":true,"showFlares":true,"showImageEffects":true,"showParticleSystems":true,"showVisualEffectGraphs":true,"m_FxEnabled":true},"in2DMode":false,"pivot":{"x":5.00947904586792,"y":2.2768819332122804,"z":7.466067790985107},"rotation":{"x":0.11175740510225296,"y":0.06720390915870667,"z":-0.009369038976728917,"w":0.9919482469558716},"size":0.12259684503078461,"orthographic":false}