{"cameraMode":{"drawMode":0,"name":"Shaded","section":"Shading Mode"},"sceneLighting":true,"audioPlay":false,"sceneViewState":{"m_AlwaysRefresh":false,"showFog":true,"showSkybox":true,"showFlares":true,"showImageEffects":true,"showParticleSystems":true,"showVisualEffectGraphs":true,"m_FxEnabled":true},"in2DMode":false,"pivot":{"x":5.438236236572266,"y":-3.8110361099243166,"z":0.0004941374063491821},"rotation":{"x":0.43161511421203616,"y":0.5665695071220398,"z":-0.5192387700080872,"w":0.47332605719566347},"size":7.120608329772949,"orthographic":false}