{"cameraMode":{"drawMode":0,"name":"Shaded","section":"Shading Mode"},"sceneLighting":true,"audioPlay":false,"sceneViewState":{"m_AlwaysRefresh":false,"showFog":true,"showSkybox":true,"showFlares":true,"showImageEffects":true,"showParticleSystems":true,"showVisualEffectGraphs":true,"m_FxEnabled":true},"in2DMode":false,"pivot":{"x":3.6681644916534426,"y":3.265387535095215,"z":3.4861910343170168},"rotation":{"x":0.050822481513023379,"y":-0.9420086145401001,"z":0.28813615441322329,"w":0.16672392189502717},"size":0.9152263402938843,"orthographic":false}