{"cameraMode":{"drawMode":0,"name":"Shaded","section":"Shading Mode"},"sceneLighting":true,"audioPlay":false,"sceneViewState":{"m_AlwaysRefresh":false,"showFog":true,"showSkybox":true,"showFlares":true,"showImageEffects":true,"showParticleSystems":true,"showVisualEffectGraphs":true,"m_FxEnabled":true},"in2DMode":false,"pivot":{"x":7.598862171173096,"y":2.2408623695373537,"z":-3.092012405395508},"rotation":{"x":0.0012321550166234375,"y":-0.9987515807151794,"z":0.019283145666122438,"w":0.056145936250686648},"size":1.4586220979690552,"orthographic":false}