{"cameraMode":{"drawMode":0,"name":"Shaded","section":"Shading Mode"},"sceneLighting":true,"audioPlay":false,"sceneViewState":{"m_AlwaysRefresh":false,"showFog":true,"showSkybox":true,"showFlares":true,"showImageEffects":true,"showParticleSystems":true,"showVisualEffectGraphs":true,"m_FxEnabled":true},"in2DMode":false,"pivot":{"x":16.188007354736329,"y":-63.01586151123047,"z":126.9073715209961},"rotation":{"x":-0.24073994159698487,"y":-0.045088231563568118,"z":0.011094964109361172,"w":-0.9698224067687988},"size":70.71578216552735,"orthographic":false}