{"cameraMode":{"drawMode":0,"name":"Shaded","section":"Shading Mode"},"sceneLighting":true,"audioPlay":false,"sceneViewState":{"m_AlwaysRefresh":false,"showFog":true,"showSkybox":true,"showFlares":true,"showImageEffects":true,"showParticleSystems":true,"showVisualEffectGraphs":true,"m_FxEnabled":true},"in2DMode":false,"pivot":{"x":7.153961181640625,"y":3.6331191062927248,"z":-4.817437171936035},"rotation":{"x":-0.10621963441371918,"y":0.8843339085578919,"z":-0.36252424120903017,"w":-0.27891531586647036},"size":2.4733359813690187,"orthographic":false}