{"cameraMode":{"drawMode":0,"name":"Shaded","section":"Shading Mode"},"sceneLighting":true,"audioPlay":false,"sceneViewState":{"m_AlwaysRefresh":false,"showFog":true,"showSkybox":true,"showFlares":true,"showImageEffects":true,"showParticleSystems":true,"showVisualEffectGraphs":true,"m_FxEnabled":true},"in2DMode":false,"pivot":{"x":-8.146323204040528,"y":-0.2813258171081543,"z":-1.7993583679199219},"rotation":{"x":0.13562943041324616,"y":-0.8466995358467102,"z":0.25764787197113039,"w":0.44632235169410708},"size":9.126500129699707,"orthographic":false}