{"cameraMode":{"drawMode":0,"name":"Shaded","section":"Shading Mode"},"sceneLighting":true,"audioPlay":false,"sceneViewState":{"m_AlwaysRefresh":false,"showFog":true,"showSkybox":true,"showFlares":true,"showImageEffects":true,"showParticleSystems":true,"showVisualEffectGraphs":true,"m_FxEnabled":true},"in2DMode":false,"pivot":{"x":6.384763240814209,"y":-11.599970817565918,"z":-4.6021881103515629},"rotation":{"x":0.017081409692764283,"y":0.8599178791046143,"z":-0.510066568851471,"w":0.032090142369270328},"size":10.41190242767334,"orthographic":false}