{"cameraMode":{"drawMode":0,"name":"Shaded","section":"Shading Mode"},"sceneLighting":true,"audioPlay":false,"sceneViewState":{"m_AlwaysRefresh":false,"showFog":true,"showSkybox":true,"showFlares":true,"showImageEffects":true,"showParticleSystems":true,"showVisualEffectGraphs":true,"m_FxEnabled":true},"in2DMode":false,"pivot":{"x":5.030526161193848,"y":1.9813294410705567,"z":0.5279661417007446},"rotation":{"x":-0.10899164527654648,"y":0.046890027821063998,"z":-0.005487346556037664,"w":-0.9932757616043091},"size":0.27287405729293826,"orthographic":false}