{"cameraMode":{"drawMode":0,"name":"Shaded","section":"Shading Mode"},"sceneLighting":true,"audioPlay":false,"sceneViewState":{"m_AlwaysRefresh":false,"showFog":true,"showSkybox":true,"showFlares":true,"showImageEffects":true,"showParticleSystems":true,"showVisualEffectGraphs":true,"m_FxEnabled":true},"in2DMode":false,"pivot":{"x":1106.030517578125,"y":595.4129638671875,"z":213.16531372070313},"rotation":{"x":-0.007823076099157334,"y":0.7799214720726013,"z":0.007431060075759888,"w":0.626544177532196},"size":269.82403564453127,"orthographic":false}