{"cameraMode":{"drawMode":0,"name":"Shaded","section":"Shading Mode"},"sceneLighting":true,"audioPlay":false,"sceneViewState":{"m_AlwaysRefresh":false,"showFog":true,"showSkybox":true,"showFlares":true,"showImageEffects":true,"showParticleSystems":true,"showVisualEffectGraphs":true,"m_FxEnabled":true},"in2DMode":false,"pivot":{"x":8.494840621948243,"y":-0.09843564033508301,"z":2.9754552841186525},"rotation":{"x":0.12322122603654862,"y":0.8734886050224304,"z":-0.2887643873691559,"w":0.37249642610549929},"size":3.036161184310913,"orthographic":false}